image_id,score
008195cc-eadd-42bb-99b9-108deb738154_g0,48.38
008195cc-eadd-42bb-99b9-108deb738154_g10,48.86
008195cc-eadd-42bb-99b9-108deb738154_g11,50.32
008195cc-eadd-42bb-99b9-108deb738154_g13,0.0
008195cc-eadd-42bb-99b9-108deb738154_g14,42.37
008195cc-eadd-42bb-99b9-108deb738154_g15,0.0
008195cc-eadd-42bb-99b9-108deb738154_g16,41.52
008195cc-eadd-42bb-99b9-108deb738154_g17,0.0
008195cc-eadd-42bb-99b9-108deb738154_g18,35.91
008195cc-eadd-42bb-99b9-108deb738154_g19,31.57
008195cc-eadd-42bb-99b9-108deb738154_g1,31.4
008195cc-eadd-42bb-99b9-108deb738154_g2,33.4
008195cc-eadd-42bb-99b9-108deb738154_g3,30.99
008195cc-eadd-42bb-99b9-108deb738154_g4,42.48
008195cc-eadd-42bb-99b9-108deb738154_g5,35.46
008195cc-eadd-42bb-99b9-108deb738154_g6,1.16
008195cc-eadd-42bb-99b9-108deb738154_g7,0.0
008195cc-eadd-42bb-99b9-108deb738154_g8,52.63
008195cc-eadd-42bb-99b9-108deb738154_g9,28.89
0383dee7-0b50-42b7-9955-c798c9df10f9_g16,70.29
07dcec0e-f231-4736-90be-cb07b7c45eb5_g11,31.55
07dcec0e-f231-4736-90be-cb07b7c45eb5_g1,28.8
07dcec0e-f231-4736-90be-cb07b7c45eb5_g9,39.25
0a0fe526-755f-4dc1-abe7-3aaedaae5c7d_g0,22.92
0a0fe526-755f-4dc1-abe7-3aaedaae5c7d_g1,27.93
0a0fe526-755f-4dc1-abe7-3aaedaae5c7d_g2,27.51
0a3d3bbb-c780-4206-85a1-09cdf2ef0611_g0,43.33
0a3d3bbb-c780-4206-85a1-09cdf2ef0611_g10,49.11
0a3d3bbb-c780-4206-85a1-09cdf2ef0611_g11,38.68
0a3d3bbb-c780-4206-85a1-09cdf2ef0611_g17,46.42
0a3d3bbb-c780-4206-85a1-09cdf2ef0611_g18,60.06
0a3d3bbb-c780-4206-85a1-09cdf2ef0611_g19,41.8
0a3d3bbb-c780-4206-85a1-09cdf2ef0611_g1,36.54
0a3d3bbb-c780-4206-85a1-09cdf2ef0611_g2,54.22
0a3d3bbb-c780-4206-85a1-09cdf2ef0611_g3,43.51
0a3d3bbb-c780-4206-85a1-09cdf2ef0611_g8,39.63
0a3d3bbb-c780-4206-85a1-09cdf2ef0611_g9,40.88
0ba74534-fb4a-4d6e-9109-7e3edd928527_g0,39.13
0c41165a-0a73-403d-b8aa-c6f765cbe11a_g0,33.07
0c41165a-0a73-403d-b8aa-c6f765cbe11a_g10,51.23
0c41165a-0a73-403d-b8aa-c6f765cbe11a_g14,50.61
0c41165a-0a73-403d-b8aa-c6f765cbe11a_g17,44.18
0c41165a-0a73-403d-b8aa-c6f765cbe11a_g1,51.9
0c41165a-0a73-403d-b8aa-c6f765cbe11a_g9,46.71
0f52a452-9213-4b5b-a062-4dc06d247163_g10,0.0
0f52a452-9213-4b5b-a062-4dc06d247163_g11,4.48
0f52a452-9213-4b5b-a062-4dc06d247163_g12,7.65
0f52a452-9213-4b5b-a062-4dc06d247163_g13,9.03
0f52a452-9213-4b5b-a062-4dc06d247163_g14,7.54
0f52a452-9213-4b5b-a062-4dc06d247163_g1,0.0
0f52a452-9213-4b5b-a062-4dc06d247163_g3,5.44
0f52a452-9213-4b5b-a062-4dc06d247163_g4,7.21
0f52a452-9213-4b5b-a062-4dc06d247163_g5,6.85
0f52a452-9213-4b5b-a062-4dc06d247163_g6,5.11
0f52a452-9213-4b5b-a062-4dc06d247163_g7,0.0
0f52a452-9213-4b5b-a062-4dc06d247163_g8,2.65
0f52a452-9213-4b5b-a062-4dc06d247163_g9,6.63
100f2581-343d-4c96-9fe9-16f148513c46_g12,35.2
100f2581-343d-4c96-9fe9-16f148513c46_g13,56.3
100f2581-343d-4c96-9fe9-16f148513c46_g2,34.42
100f2581-343d-4c96-9fe9-16f148513c46_g3,36.11
100f2581-343d-4c96-9fe9-16f148513c46_g4,51.42
100f2581-343d-4c96-9fe9-16f148513c46_g6,45.55
100f2581-343d-4c96-9fe9-16f148513c46_g7,36.24
10a0779a-b9ca-4fbb-9cdf-cab54ea85eeb_g10,5.34
10a0779a-b9ca-4fbb-9cdf-cab54ea85eeb_g11,5.82
10a0779a-b9ca-4fbb-9cdf-cab54ea85eeb_g12,1.98
10a0779a-b9ca-4fbb-9cdf-cab54ea85eeb_g13,10.33
10a0779a-b9ca-4fbb-9cdf-cab54ea85eeb_g14,2.97
10a0779a-b9ca-4fbb-9cdf-cab54ea85eeb_g15,7.78
10a0779a-b9ca-4fbb-9cdf-cab54ea85eeb_g16,2.87
10a0779a-b9ca-4fbb-9cdf-cab54ea85eeb_g1,7.04
10a0779a-b9ca-4fbb-9cdf-cab54ea85eeb_g2,8.55
10a0779a-b9ca-4fbb-9cdf-cab54ea85eeb_g3,6.77
10a0779a-b9ca-4fbb-9cdf-cab54ea85eeb_g4,1.97
10a0779a-b9ca-4fbb-9cdf-cab54ea85eeb_g5,2.95
10a0779a-b9ca-4fbb-9cdf-cab54ea85eeb_g6,6.87
10a0779a-b9ca-4fbb-9cdf-cab54ea85eeb_g7,4.67
10a0779a-b9ca-4fbb-9cdf-cab54ea85eeb_g8,4.15
10a0779a-b9ca-4fbb-9cdf-cab54ea85eeb_g9,5.75
11050b89-eb39-4be4-aec7-29c870bd1057_g4,24.13
19be180f-ff0b-46d2-988a-4a263bab2c73_g0,0.0
1fcacae0-38f0-4bd3-94d4-39ab4bceedb2_g15,39.89
215c8fe3-0122-4694-961b-948b540de030_g0,3.09
215c8fe3-0122-4694-961b-948b540de030_g14,3.01
215c8fe3-0122-4694-961b-948b540de030_g15,0.0
215c8fe3-0122-4694-961b-948b540de030_g16,4.94
215c8fe3-0122-4694-961b-948b540de030_g17,0.0
215c8fe3-0122-4694-961b-948b540de030_g1,0.0
215c8fe3-0122-4694-961b-948b540de030_g2,3.56
215c8fe3-0122-4694-961b-948b540de030_g4,0.0
215c8fe3-0122-4694-961b-948b540de030_g6,18.55
215c8fe3-0122-4694-961b-948b540de030_g7,6.24
215c8fe3-0122-4694-961b-948b540de030_g8,0.0
233d698c-d8c3-4d35-ac00-9e5bcb9e907b_g16,2.36
233d698c-d8c3-4d35-ac00-9e5bcb9e907b_g17,0.0
244d3bd0-b321-4301-a8b5-bdc3be705f4a_g13,38.43
244d3bd0-b321-4301-a8b5-bdc3be705f4a_g14,27.71
244d3bd0-b321-4301-a8b5-bdc3be705f4a_g15,50.8
244d3bd0-b321-4301-a8b5-bdc3be705f4a_g6,49.55
258da965-6e8f-49ed-a811-31ab2231af3e_g2,0.0
2597af7e-8a18-48bd-9e4d-8368b9944874_g0,0.0
2597af7e-8a18-48bd-9e4d-8368b9944874_g10,0.0
2597af7e-8a18-48bd-9e4d-8368b9944874_g11,0.0
2654a952-f49e-4376-8f60-a8a874387956_g0,42.15
27107a9a-5a74-454e-a396-b6cd9acb8ed5_g0,41.94
27107a9a-5a74-454e-a396-b6cd9acb8ed5_g10,22.67
27107a9a-5a74-454e-a396-b6cd9acb8ed5_g12,40.69
27107a9a-5a74-454e-a396-b6cd9acb8ed5_g13,32.1
27107a9a-5a74-454e-a396-b6cd9acb8ed5_g14,49.36
27107a9a-5a74-454e-a396-b6cd9acb8ed5_g15,44.61
27107a9a-5a74-454e-a396-b6cd9acb8ed5_g16,41.45
27107a9a-5a74-454e-a396-b6cd9acb8ed5_g18,26.59
27107a9a-5a74-454e-a396-b6cd9acb8ed5_g4,48.75
27107a9a-5a74-454e-a396-b6cd9acb8ed5_g5,32.62
27107a9a-5a74-454e-a396-b6cd9acb8ed5_g6,31.61
27107a9a-5a74-454e-a396-b6cd9acb8ed5_g7,18.39
27107a9a-5a74-454e-a396-b6cd9acb8ed5_g8,34.33
27107a9a-5a74-454e-a396-b6cd9acb8ed5_g9,30.48
272e1dc2-290b-4ec0-b90d-f516f00d8835_g0,56.62
272e1dc2-290b-4ec0-b90d-f516f00d8835_g13,16.72
272e1dc2-290b-4ec0-b90d-f516f00d8835_g14,45.79
272e1dc2-290b-4ec0-b90d-f516f00d8835_g3,52.18
28b834ab-4270-44ae-93c0-fa39b98afc87_g0,33.23
2de5332e1f4547a5d4f2f4b181d16b8fe23452a06b_g10,0.0
2de5332e1f4547a5d4f2f4b181d16b8fe23452a06b_g9,0.0
3089edbd-e76b-4ddd-a69d-41169f581ff6_g12,35.36
3089edbd-e76b-4ddd-a69d-41169f581ff6_g13,44.63
3089edbd-e76b-4ddd-a69d-41169f581ff6_g14,26.4
3089edbd-e76b-4ddd-a69d-41169f581ff6_g15,22.63
3089edbd-e76b-4ddd-a69d-41169f581ff6_g3,26.27
3089edbd-e76b-4ddd-a69d-41169f581ff6_g6,25.69
3089edbd-e76b-4ddd-a69d-41169f581ff6_g7,32.3
3089edbd-e76b-4ddd-a69d-41169f581ff6_g8,19.01
3089edbd-e76b-4ddd-a69d-41169f581ff6_g9,18.15
308e0e7e-6265-40ea-8204-5843cb79d09d_g3,10.0
308e0e7e-6265-40ea-8204-5843cb79d09d_g4,70.08
31cc692b-c37e-48a9-a3b2-be185f4e8180_g0,56.46
31cc692b-c37e-48a9-a3b2-be185f4e8180_g2,74.82
31cc692b-c37e-48a9-a3b2-be185f4e8180_g3,59.74
31cc692b-c37e-48a9-a3b2-be185f4e8180_g4,64.69
31cc692b-c37e-48a9-a3b2-be185f4e8180_g5,57.23
31da4196-0053-46ad-aa35-1c6183834f15_g3,33.51
31da4196-0053-46ad-aa35-1c6183834f15_g4,24.97
31da4196-0053-46ad-aa35-1c6183834f15_g5,6.33
31da4196-0053-46ad-aa35-1c6183834f15_g6,33.61
31da4196-0053-46ad-aa35-1c6183834f15_g7,15.17
31da4196-0053-46ad-aa35-1c6183834f15_g9,39.68
31e30d01-ec2d-4d07-9e26-d681f4429925_g10,34.32
31e30d01-ec2d-4d07-9e26-d681f4429925_g11,29.91
31e30d01-ec2d-4d07-9e26-d681f4429925_g13,0.0
31e30d01-ec2d-4d07-9e26-d681f4429925_g15,0.0
31e30d01-ec2d-4d07-9e26-d681f4429925_g16,38.49
31e30d01-ec2d-4d07-9e26-d681f4429925_g17,1.27
31e30d01-ec2d-4d07-9e26-d681f4429925_g19,28.54
31e30d01-ec2d-4d07-9e26-d681f4429925_g3,31.18
31e30d01-ec2d-4d07-9e26-d681f4429925_g6,2.56
31e30d01-ec2d-4d07-9e26-d681f4429925_g7,33.76
31e30d01-ec2d-4d07-9e26-d681f4429925_g8,42.18
31e30d01-ec2d-4d07-9e26-d681f4429925_g9,40.5
351266df-fdac-4f94-bb6a-3d0879495284_g0,26.11
351266df-fdac-4f94-bb6a-3d0879495284_g10,25.46
351266df-fdac-4f94-bb6a-3d0879495284_g11,26.86
351266df-fdac-4f94-bb6a-3d0879495284_g12,25.99
351266df-fdac-4f94-bb6a-3d0879495284_g3,25.34
351266df-fdac-4f94-bb6a-3d0879495284_g4,37.75
351266df-fdac-4f94-bb6a-3d0879495284_g5,27.32
351266df-fdac-4f94-bb6a-3d0879495284_g6,23.55
351266df-fdac-4f94-bb6a-3d0879495284_g7,16.64
351266df-fdac-4f94-bb6a-3d0879495284_g8,29.72
351266df-fdac-4f94-bb6a-3d0879495284_g9,40.69
35a7ce9f-d262-43cb-aa7a-adf48f704e25_g10,32.95
35a7ce9f-d262-43cb-aa7a-adf48f704e25_g11,34.13
35a7ce9f-d262-43cb-aa7a-adf48f704e25_g12,37.11
35a7ce9f-d262-43cb-aa7a-adf48f704e25_g13,52.0
35a7ce9f-d262-43cb-aa7a-adf48f704e25_g14,38.82
35a7ce9f-d262-43cb-aa7a-adf48f704e25_g15,45.54
35a7ce9f-d262-43cb-aa7a-adf48f704e25_g16,38.26
35a7ce9f-d262-43cb-aa7a-adf48f704e25_g17,21.0
35a7ce9f-d262-43cb-aa7a-adf48f704e25_g18,30.84
35a7ce9f-d262-43cb-aa7a-adf48f704e25_g3,38.59
35a7ce9f-d262-43cb-aa7a-adf48f704e25_g4,36.78
35a7ce9f-d262-43cb-aa7a-adf48f704e25_g6,38.93
35a7ce9f-d262-43cb-aa7a-adf48f704e25_g8,36.01
35a7ce9f-d262-43cb-aa7a-adf48f704e25_g9,30.77
36565f52e6525410f724024cbfbeff65dc61252d1e_g0,48.82
36565f52e6525410f724024cbfbeff65dc61252d1e_g10,40.94
36565f52e6525410f724024cbfbeff65dc61252d1e_g13,59.13
36565f52e6525410f724024cbfbeff65dc61252d1e_g14,44.11
36565f52e6525410f724024cbfbeff65dc61252d1e_g19,41.79
36565f52e6525410f724024cbfbeff65dc61252d1e_g1,52.61
36565f52e6525410f724024cbfbeff65dc61252d1e_g5,31.05
36565f52e6525410f724024cbfbeff65dc61252d1e_g8,26.65
36565f52e6525410f724024cbfbeff65dc61252d1e_g9,48.86
36e54cd6-7464-4896-a803-d083f0b4dcec_g5,0.0
36e54cd6-7464-4896-a803-d083f0b4dcec_g9,0.0
37661825-a48e-447e-8d93-313c7952ec4b_g14,9.13
37661825-a48e-447e-8d93-313c7952ec4b_g16,0.0
37661825-a48e-447e-8d93-313c7952ec4b_g19,1.24
37661825-a48e-447e-8d93-313c7952ec4b_g3,21.84
37661825-a48e-447e-8d93-313c7952ec4b_g5,6.82
37661825-a48e-447e-8d93-313c7952ec4b_g7,0.0
37661825-a48e-447e-8d93-313c7952ec4b_g8,0.0
37661825-a48e-447e-8d93-313c7952ec4b_g9,0.0
37d4a230-16a1-464d-82bc-0bc3ac1c5bc8_g10,25.1
37d4a230-16a1-464d-82bc-0bc3ac1c5bc8_g11,55.22
37d4a230-16a1-464d-82bc-0bc3ac1c5bc8_g12,62.3
37d4a230-16a1-464d-82bc-0bc3ac1c5bc8_g15,58.76
37d4a230-16a1-464d-82bc-0bc3ac1c5bc8_g16,29.13
37d4a230-16a1-464d-82bc-0bc3ac1c5bc8_g18,60.84
37d4a230-16a1-464d-82bc-0bc3ac1c5bc8_g19,52.98
37d4a230-16a1-464d-82bc-0bc3ac1c5bc8_g4,31.44
37d4a230-16a1-464d-82bc-0bc3ac1c5bc8_g6,39.63
37d4a230-16a1-464d-82bc-0bc3ac1c5bc8_g8,41.54
37d4a230-16a1-464d-82bc-0bc3ac1c5bc8_g9,52.41
38dff4d1-f561-44cc-a9c0-bfddf496d98a_g11,44.18
38dff4d1-f561-44cc-a9c0-bfddf496d98a_g12,47.29
38dff4d1-f561-44cc-a9c0-bfddf496d98a_g13,49.81
38dff4d1-f561-44cc-a9c0-bfddf496d98a_g14,63.44
38dff4d1-f561-44cc-a9c0-bfddf496d98a_g15,40.88
38dff4d1-f561-44cc-a9c0-bfddf496d98a_g16,42.85
38dff4d1-f561-44cc-a9c0-bfddf496d98a_g19,67.62
38dff4d1-f561-44cc-a9c0-bfddf496d98a_g4,56.91
38dff4d1-f561-44cc-a9c0-bfddf496d98a_g6,55.5
38dff4d1-f561-44cc-a9c0-bfddf496d98a_g8,49.89
38dff4d1-f561-44cc-a9c0-bfddf496d98a_g9,51.66
3a66093f-2745-4edd-a9f5-d61bd3a2c54a_g0,29.8
3a66093f-2745-4edd-a9f5-d61bd3a2c54a_g10,36.47
3a66093f-2745-4edd-a9f5-d61bd3a2c54a_g11,36.33
3a66093f-2745-4edd-a9f5-d61bd3a2c54a_g12,28.0
3a66093f-2745-4edd-a9f5-d61bd3a2c54a_g13,34.92
3a66093f-2745-4edd-a9f5-d61bd3a2c54a_g15,40.0
3a66093f-2745-4edd-a9f5-d61bd3a2c54a_g17,40.44
3a66093f-2745-4edd-a9f5-d61bd3a2c54a_g18,44.1
3a66093f-2745-4edd-a9f5-d61bd3a2c54a_g19,38.42
3a66093f-2745-4edd-a9f5-d61bd3a2c54a_g1,31.41
3a66093f-2745-4edd-a9f5-d61bd3a2c54a_g2,28.73
3a66093f-2745-4edd-a9f5-d61bd3a2c54a_g3,47.49
3a66093f-2745-4edd-a9f5-d61bd3a2c54a_g4,35.28
3a66093f-2745-4edd-a9f5-d61bd3a2c54a_g5,25.2
3a66093f-2745-4edd-a9f5-d61bd3a2c54a_g6,0.0
3a66093f-2745-4edd-a9f5-d61bd3a2c54a_g7,38.22
3a66093f-2745-4edd-a9f5-d61bd3a2c54a_g8,26.06
3a66093f-2745-4edd-a9f5-d61bd3a2c54a_g9,39.03
3afff122-4f56-4204-9d47-ca1329bb64f4_g18,0.0
3c4994e6-eaa5-41b3-8966-f37b4892042c_g4,35.17
3dab3db0-b37a-4e2a-b6e2-921dde3fd66f_g18,37.85
3dab3db0-b37a-4e2a-b6e2-921dde3fd66f_g4,41.28
41b66007-b628-4ccb-9c57-05258077888e_g3,61.21
41b66007-b628-4ccb-9c57-05258077888e_g4,0.0
41b66007-b628-4ccb-9c57-05258077888e_g5,0.0
41b66007-b628-4ccb-9c57-05258077888e_g8,46.98
41b66007-b628-4ccb-9c57-05258077888e_g9,39.83
4455e2e5-a3eb-428f-a8f1-0578b799973b_g10,29.48
449a977b-6a8e-472d-bb5d-ae74e130b69a_g11,13.14
449a977b-6a8e-472d-bb5d-ae74e130b69a_g12,16.1
449a977b-6a8e-472d-bb5d-ae74e130b69a_g13,27.6
449a977b-6a8e-472d-bb5d-ae74e130b69a_g14,22.69
449a977b-6a8e-472d-bb5d-ae74e130b69a_g15,15.03
449a977b-6a8e-472d-bb5d-ae74e130b69a_g16,16.6
449a977b-6a8e-472d-bb5d-ae74e130b69a_g17,14.91
449a977b-6a8e-472d-bb5d-ae74e130b69a_g18,20.7
449a977b-6a8e-472d-bb5d-ae74e130b69a_g3,35.91
449a977b-6a8e-472d-bb5d-ae74e130b69a_g4,26.46
449a977b-6a8e-472d-bb5d-ae74e130b69a_g6,25.29
449a977b-6a8e-472d-bb5d-ae74e130b69a_g7,18.73
449a977b-6a8e-472d-bb5d-ae74e130b69a_g8,39.61
449a977b-6a8e-472d-bb5d-ae74e130b69a_g9,32.87
44b0b3a3-93b7-4303-9fd8-ecb8fac9439b_g17,0.0
44b0b3a3-93b7-4303-9fd8-ecb8fac9439b_g9,0.0
47805e43-2dd2-45c7-b5ef-f403c69d091b_g13,34.01
47805e43-2dd2-45c7-b5ef-f403c69d091b_g14,24.9
47805e43-2dd2-45c7-b5ef-f403c69d091b_g15,33.95
47805e43-2dd2-45c7-b5ef-f403c69d091b_g17,37.63
47805e43-2dd2-45c7-b5ef-f403c69d091b_g18,37.01
47805e43-2dd2-45c7-b5ef-f403c69d091b_g19,20.5
47805e43-2dd2-45c7-b5ef-f403c69d091b_g7,33.48
47805e43-2dd2-45c7-b5ef-f403c69d091b_g8,30.42
47fee20b-2dd7-4293-98fe-869af090d48a_g10,0.0
47fee20b-2dd7-4293-98fe-869af090d48a_g9,0.0
4841b7b9-6722-42f5-8221-6d1b4a0526b5_g10,50.83
4841b7b9-6722-42f5-8221-6d1b4a0526b5_g13,52.05
4841b7b9-6722-42f5-8221-6d1b4a0526b5_g14,42.49
4841b7b9-6722-42f5-8221-6d1b4a0526b5_g15,41.79
4841b7b9-6722-42f5-8221-6d1b4a0526b5_g3,41.42
4841b7b9-6722-42f5-8221-6d1b4a0526b5_g4,52.58
4841b7b9-6722-42f5-8221-6d1b4a0526b5_g5,44.07
4841b7b9-6722-42f5-8221-6d1b4a0526b5_g9,53.4
48bff157-ea4e-40cc-8656-f238617f7a72_g11,42.59
48bff157-ea4e-40cc-8656-f238617f7a72_g13,38.62
48bff157-ea4e-40cc-8656-f238617f7a72_g16,38.69
48bff157-ea4e-40cc-8656-f238617f7a72_g1,28.23
48bff157-ea4e-40cc-8656-f238617f7a72_g3,27.52
48bff157-ea4e-40cc-8656-f238617f7a72_g6,33.81
48bff157-ea4e-40cc-8656-f238617f7a72_g7,29.53
48bff157-ea4e-40cc-8656-f238617f7a72_g8,48.36
4d2f1a30-e679-47a7-882b-86c758ab3a65_g11,44.59
4d2f1a30-e679-47a7-882b-86c758ab3a65_g19,0.0
4d45723a-e438-4169-8912-39818e99bf43_g12,14.06
4d45723a-e438-4169-8912-39818e99bf43_g17,15.58
4d45723a-e438-4169-8912-39818e99bf43_g18,9.65
4d45723a-e438-4169-8912-39818e99bf43_g19,19.2
4d45723a-e438-4169-8912-39818e99bf43_g4,11.9
4d45723a-e438-4169-8912-39818e99bf43_g7,19.53
4d45723a-e438-4169-8912-39818e99bf43_g9,10.52
4dd1261f-5da6-4b4b-871f-47df870fca6f_g13,31.48
4dd1261f-5da6-4b4b-871f-47df870fca6f_g14,26.93
4dd1261f-5da6-4b4b-871f-47df870fca6f_g4,23.94
4dd1261f-5da6-4b4b-871f-47df870fca6f_g5,50.79
4dd1261f-5da6-4b4b-871f-47df870fca6f_g8,37.89
510670b6-4969-4db6-9f21-90a5932beb30_g15,30.48
510670b6-4969-4db6-9f21-90a5932beb30_g17,19.44
510670b6-4969-4db6-9f21-90a5932beb30_g3,37.79
510670b6-4969-4db6-9f21-90a5932beb30_g4,21.25
510670b6-4969-4db6-9f21-90a5932beb30_g8,29.05
510670b6-4969-4db6-9f21-90a5932beb30_g9,24.8
5155c4a3-2a18-4dfc-aa14-2dfe70ca4dba_g10,25.97
5155c4a3-2a18-4dfc-aa14-2dfe70ca4dba_g12,0.0
5155c4a3-2a18-4dfc-aa14-2dfe70ca4dba_g15,0.82
5155c4a3-2a18-4dfc-aa14-2dfe70ca4dba_g3,0.0
5155c4a3-2a18-4dfc-aa14-2dfe70ca4dba_g4,0.0
5155c4a3-2a18-4dfc-aa14-2dfe70ca4dba_g5,30.4
5155c4a3-2a18-4dfc-aa14-2dfe70ca4dba_g6,0.0
53f4db4f-ffc2-4e04-986f-15192341380d_g10,0.0
53f4db4f-ffc2-4e04-986f-15192341380d_g11,25.46
53f4db4f-ffc2-4e04-986f-15192341380d_g14,8.23
53f4db4f-ffc2-4e04-986f-15192341380d_g18,47.94
53f4db4f-ffc2-4e04-986f-15192341380d_g19,34.53
53f4db4f-ffc2-4e04-986f-15192341380d_g4,25.56
53f4db4f-ffc2-4e04-986f-15192341380d_g5,27.6
53f4db4f-ffc2-4e04-986f-15192341380d_g6,30.83
53f4db4f-ffc2-4e04-986f-15192341380d_g9,20.77
5426a239-5892-46f9-82b9-0f9b6c8c1a2b_g11,34.72
5426a239-5892-46f9-82b9-0f9b6c8c1a2b_g12,18.24
5426a239-5892-46f9-82b9-0f9b6c8c1a2b_g13,36.14
5426a239-5892-46f9-82b9-0f9b6c8c1a2b_g17,30.63
5426a239-5892-46f9-82b9-0f9b6c8c1a2b_g18,27.09
5426a239-5892-46f9-82b9-0f9b6c8c1a2b_g1,23.59
5426a239-5892-46f9-82b9-0f9b6c8c1a2b_g2,18.96
5426a239-5892-46f9-82b9-0f9b6c8c1a2b_g3,33.52
5426a239-5892-46f9-82b9-0f9b6c8c1a2b_g4,37.77
5426a239-5892-46f9-82b9-0f9b6c8c1a2b_g6,34.26
5426a239-5892-46f9-82b9-0f9b6c8c1a2b_g7,33.78
5426a239-5892-46f9-82b9-0f9b6c8c1a2b_g8,27.13
545bdfab-03d9-4880-8b8e-67a7f6dabe57_g5,11.48
545bdfab-03d9-4880-8b8e-67a7f6dabe57_g6,5.41
545bdfab-03d9-4880-8b8e-67a7f6dabe57_g7,0.0
545bdfab-03d9-4880-8b8e-67a7f6dabe57_g8,24.53
574f3568-d0ac-48f3-b0ca-1193a66a01e3_g0,51.5
574f3568-d0ac-48f3-b0ca-1193a66a01e3_g11,32.46
574f3568-d0ac-48f3-b0ca-1193a66a01e3_g13,43.01
574f3568-d0ac-48f3-b0ca-1193a66a01e3_g16,59.47
574f3568-d0ac-48f3-b0ca-1193a66a01e3_g18,38.21
574f3568-d0ac-48f3-b0ca-1193a66a01e3_g1,43.66
574f3568-d0ac-48f3-b0ca-1193a66a01e3_g3,0.0
574f3568-d0ac-48f3-b0ca-1193a66a01e3_g6,67.88
574f3568-d0ac-48f3-b0ca-1193a66a01e3_g8,43.1
57b4ed5a-d220-44f6-9064-ce96bbd14f6a_g0,23.36
57b4ed5a-d220-44f6-9064-ce96bbd14f6a_g1,19.63
57c85b1c-8b53-456d-899b-196ab8d125a1_g16,0.84
57ec069b-70f1-45a2-ab1b-41b61a689ff2_g10,0.0
57ec069b-70f1-45a2-ab1b-41b61a689ff2_g13,0.0
57ec069b-70f1-45a2-ab1b-41b61a689ff2_g15,2.86
57ec069b-70f1-45a2-ab1b-41b61a689ff2_g18,3.19
57ec069b-70f1-45a2-ab1b-41b61a689ff2_g19,0.77
57ec069b-70f1-45a2-ab1b-41b61a689ff2_g3,2.24
57ec069b-70f1-45a2-ab1b-41b61a689ff2_g5,0.0
57ec069b-70f1-45a2-ab1b-41b61a689ff2_g8,0.52
58c991c2-33da-409c-bb72-d283b3b1c090_g0,40.08
58c991c2-33da-409c-bb72-d283b3b1c090_g10,52.64
58c991c2-33da-409c-bb72-d283b3b1c090_g3,49.6
58c991c2-33da-409c-bb72-d283b3b1c090_g5,45.04
58c991c2-33da-409c-bb72-d283b3b1c090_g8,48.51
59824915-60cf-4cea-a35d-f6f617eb3c8b_g10,22.01
59824915-60cf-4cea-a35d-f6f617eb3c8b_g3,42.61
59824915-60cf-4cea-a35d-f6f617eb3c8b_g5,28.71
59824915-60cf-4cea-a35d-f6f617eb3c8b_g8,38.13
5a0bf493-93ca-4cde-a062-020ae6dae7f1_g11,41.04
5a0bf493-93ca-4cde-a062-020ae6dae7f1_g12,50.67
5a0bf493-93ca-4cde-a062-020ae6dae7f1_g13,3.78
5a0bf493-93ca-4cde-a062-020ae6dae7f1_g16,49.91
5a0bf493-93ca-4cde-a062-020ae6dae7f1_g18,56.71
5a0bf493-93ca-4cde-a062-020ae6dae7f1_g3,66.74
5a0bf493-93ca-4cde-a062-020ae6dae7f1_g5,53.7
5a0bf493-93ca-4cde-a062-020ae6dae7f1_g6,44.1
5a0bf493-93ca-4cde-a062-020ae6dae7f1_g8,51.93
5a6330cf-61a4-4ab5-9e3a-e73ea87c6f39_g0,47.72
5a6330cf-61a4-4ab5-9e3a-e73ea87c6f39_g2,53.82
5d1bcf76-cf71-4e0d-9ba3-cf78da4ff5f2_g11,56.47
5d1bcf76-cf71-4e0d-9ba3-cf78da4ff5f2_g14,56.11
5d1bcf76-cf71-4e0d-9ba3-cf78da4ff5f2_g16,51.83
5d1bcf76-cf71-4e0d-9ba3-cf78da4ff5f2_g19,40.81
5d1bcf76-cf71-4e0d-9ba3-cf78da4ff5f2_g4,39.63
5d1bcf76-cf71-4e0d-9ba3-cf78da4ff5f2_g6,56.0
5d1bcf76-cf71-4e0d-9ba3-cf78da4ff5f2_g9,46.89
5df9ee22-96e6-4d33-9054-2ae98ae7f1f1_g14,2.05
5df9ee22-96e6-4d33-9054-2ae98ae7f1f1_g15,28.03
5df9ee22-96e6-4d33-9054-2ae98ae7f1f1_g17,2.04
5df9ee22-96e6-4d33-9054-2ae98ae7f1f1_g19,30.96
5df9ee22-96e6-4d33-9054-2ae98ae7f1f1_g3,24.63
5df9ee22-96e6-4d33-9054-2ae98ae7f1f1_g4,26.49
5df9ee22-96e6-4d33-9054-2ae98ae7f1f1_g7,0.0
5df9ee22-96e6-4d33-9054-2ae98ae7f1f1_g9,5.96
5f9f0003-9c2c-4184-aa7d-4ca25e996e99_g12,0.0
5f9f0003-9c2c-4184-aa7d-4ca25e996e99_g15,3.04
5f9f0003-9c2c-4184-aa7d-4ca25e996e99_g16,0.15
5f9f0003-9c2c-4184-aa7d-4ca25e996e99_g5,0.09
5fc6ea11-0298-49c3-9e2e-eba7ef316367_g14,0.0
5fc6ea11-0298-49c3-9e2e-eba7ef316367_g15,0.0
5fc6ea11-0298-49c3-9e2e-eba7ef316367_g18,0.0
5fc6ea11-0298-49c3-9e2e-eba7ef316367_g3,0.0
5fc6ea11-0298-49c3-9e2e-eba7ef316367_g5,0.0
5fc6ea11-0298-49c3-9e2e-eba7ef316367_g8,0.0
5fc6ea11-0298-49c3-9e2e-eba7ef316367_g9,7.77
600d1070-284e-43cb-8d73-229e9fc7be4a_g12,11.94
600d1070-284e-43cb-8d73-229e9fc7be4a_g3,31.28
602fb607-e4f9-45e6-885e-6deb8cda4e62_g10,0.0
602fb607-e4f9-45e6-885e-6deb8cda4e62_g13,19.91
602fb607-e4f9-45e6-885e-6deb8cda4e62_g15,23.31
602fb607-e4f9-45e6-885e-6deb8cda4e62_g18,3.59
602fb607-e4f9-45e6-885e-6deb8cda4e62_g3,15.23
602fb607-e4f9-45e6-885e-6deb8cda4e62_g4,15.06
602fb607-e4f9-45e6-885e-6deb8cda4e62_g8,18.45
602fb607-e4f9-45e6-885e-6deb8cda4e62_g9,18.66
61ddc2a3-2933-4801-ad68-44aaefbdf9f3_g14,24.43
61ddc2a3-2933-4801-ad68-44aaefbdf9f3_g16,29.61
61ddc2a3-2933-4801-ad68-44aaefbdf9f3_g17,38.44
61ddc2a3-2933-4801-ad68-44aaefbdf9f3_g19,24.34
61ddc2a3-2933-4801-ad68-44aaefbdf9f3_g4,22.49
61ddc2a3-2933-4801-ad68-44aaefbdf9f3_g6,41.03
61ddc2a3-2933-4801-ad68-44aaefbdf9f3_g8,21.07
61ddc2a3-2933-4801-ad68-44aaefbdf9f3_g9,24.96
622e05c2-36d7-41ce-935c-05e5735830f8_g14,29.28
64a70e5a-1090-43a0-b2ec-0d40b159e063_g12,16.75
64f2c6f4-1c8d-478b-a1f5-b477159f8c3e_g10,0.0
6562abe5-235c-4bab-8cc4-13ea8a9ee11f_g1,45.28
6898e81a-eecd-45f0-b4d9-6942068e5e0c_g3,26.64
68cda3d2-ab09-453f-99d0-3187f7bc60ac_g3,47.47
68cda3d2-ab09-453f-99d0-3187f7bc60ac_g4,47.23
690f1ee0-49b8-44c1-a9f3-b3d2f7ab85fb_g0,10.97
690f1ee0-49b8-44c1-a9f3-b3d2f7ab85fb_g10,0.0
690f1ee0-49b8-44c1-a9f3-b3d2f7ab85fb_g13,0.0
690f1ee0-49b8-44c1-a9f3-b3d2f7ab85fb_g15,1.22
690f1ee0-49b8-44c1-a9f3-b3d2f7ab85fb_g5,0.0
690f1ee0-49b8-44c1-a9f3-b3d2f7ab85fb_g6,0.0
6947b1e4-8ec5-4479-a232-f904b24772ed_g0,63.46
6a2dce1d-1102-47c3-b6c9-524fa39002b5_g4,0.0
6b38516a-ba2e-4332-acff-110f99c3c62f_g0,55.67
6b9fa8d2-3d9f-450a-9e27-c7b6dcb9d54b_g14,37.57
6b9fa8d2-3d9f-450a-9e27-c7b6dcb9d54b_g4,42.67
6cca5d88-14b2-44b5-b0a5-f9d91f3d97ca_g10,48.96
6cca5d88-14b2-44b5-b0a5-f9d91f3d97ca_g14,57.0
6cca5d88-14b2-44b5-b0a5-f9d91f3d97ca_g17,52.39
6cca5d88-14b2-44b5-b0a5-f9d91f3d97ca_g19,40.94
6cca5d88-14b2-44b5-b0a5-f9d91f3d97ca_g7,41.18
6cca5d88-14b2-44b5-b0a5-f9d91f3d97ca_g9,0.0
6cdb0beb-ccb5-4beb-83a9-65e43e38d6dd_g0,22.87
6cdb0beb-ccb5-4beb-83a9-65e43e38d6dd_g12,17.45
6cdb0beb-ccb5-4beb-83a9-65e43e38d6dd_g13,17.1
6cdb0beb-ccb5-4beb-83a9-65e43e38d6dd_g17,12.86
6cdb0beb-ccb5-4beb-83a9-65e43e38d6dd_g2,22.99
6cdb0beb-ccb5-4beb-83a9-65e43e38d6dd_g3,16.15
6cdb0beb-ccb5-4beb-83a9-65e43e38d6dd_g5,4.41
6cdb0beb-ccb5-4beb-83a9-65e43e38d6dd_g7,19.67
6cdb0beb-ccb5-4beb-83a9-65e43e38d6dd_g8,21.21
6d82e26f-e430-4944-96ad-9fa9d7e19fca_g0,20.16
70d107c4-b90d-41ba-b631-60ccd009a27d_g16,21.99
70d107c4-b90d-41ba-b631-60ccd009a27d_g3,24.82
70d107c4-b90d-41ba-b631-60ccd009a27d_g4,24.58
70d107c4-b90d-41ba-b631-60ccd009a27d_g6,13.3
70d107c4-b90d-41ba-b631-60ccd009a27d_g8,39.41
71292cb8-08fa-4c24-aecf-1918b989df3b_g15,0.0
72ab2d72-0504-4a4a-bfa8-ceca01068a21_g0,43.08
732a5590-ed14-4b94-a023-e29e813d16ca_g2,6.01
732a5590-ed14-4b94-a023-e29e813d16ca_g3,33.9
740b8f19-7bbb-40e1-94b4-45c63e17214d_g15,0.0
740b8f19-7bbb-40e1-94b4-45c63e17214d_g17,4.57
740b8f19-7bbb-40e1-94b4-45c63e17214d_g18,7.87
740b8f19-7bbb-40e1-94b4-45c63e17214d_g7,51.89
76a704cc-3b5d-4bd2-b645-4dcba06bd0d9_g13,8.71
76a704cc-3b5d-4bd2-b645-4dcba06bd0d9_g18,27.08
76a704cc-3b5d-4bd2-b645-4dcba06bd0d9_g19,5.19
76a704cc-3b5d-4bd2-b645-4dcba06bd0d9_g1,0.0
76a704cc-3b5d-4bd2-b645-4dcba06bd0d9_g6,0.0
76a704cc-3b5d-4bd2-b645-4dcba06bd0d9_g8,0.0
76b62fb8-b49b-442c-b100-c1969b06dcc8_g11,38.52
76b62fb8-b49b-442c-b100-c1969b06dcc8_g16,41.3
76b62fb8-b49b-442c-b100-c1969b06dcc8_g3,35.6
76b62fb8-b49b-442c-b100-c1969b06dcc8_g5,42.01
76b62fb8-b49b-442c-b100-c1969b06dcc8_g6,49.41
76b62fb8-b49b-442c-b100-c1969b06dcc8_g8,33.91
788921b4-f1ba-46ca-9575-9cce05a6edc4_g0,62.97
789c3b72-db87-404d-8e77-a58e1c160f50_g0,24.94
789c3b72-db87-404d-8e77-a58e1c160f50_g10,32.23
789c3b72-db87-404d-8e77-a58e1c160f50_g12,23.09
789c3b72-db87-404d-8e77-a58e1c160f50_g15,36.68
789c3b72-db87-404d-8e77-a58e1c160f50_g17,26.7
789c3b72-db87-404d-8e77-a58e1c160f50_g19,31.34
789c3b72-db87-404d-8e77-a58e1c160f50_g2,33.44
789c3b72-db87-404d-8e77-a58e1c160f50_g4,25.27
789c3b72-db87-404d-8e77-a58e1c160f50_g7,35.42
789c3b72-db87-404d-8e77-a58e1c160f50_g9,21.61
7b2581ca-8093-470c-ab83-e6d79ca71b9a_g4,47.41
7d5889dd-e19e-4ec8-97f8-098ccbc50f46_g12,0.85
7d5889dd-e19e-4ec8-97f8-098ccbc50f46_g14,0.0
7d5889dd-e19e-4ec8-97f8-098ccbc50f46_g17,0.58
7d5889dd-e19e-4ec8-97f8-098ccbc50f46_g19,0.0
7d5889dd-e19e-4ec8-97f8-098ccbc50f46_g9,0.0
7ed395da-f2ad-4654-80a7-2a2deb2b66f2_g0,49.33
7ed395da-f2ad-4654-80a7-2a2deb2b66f2_g10,48.74
7ed395da-f2ad-4654-80a7-2a2deb2b66f2_g11,23.84
7ed395da-f2ad-4654-80a7-2a2deb2b66f2_g13,53.36
7ed395da-f2ad-4654-80a7-2a2deb2b66f2_g15,48.48
7ed395da-f2ad-4654-80a7-2a2deb2b66f2_g8,51.87
8158f96c-ea86-4df3-b01d-5a96171e2cad_g10,33.33
8158f96c-ea86-4df3-b01d-5a96171e2cad_g12,3.23
8158f96c-ea86-4df3-b01d-5a96171e2cad_g17,7.29
8158f96c-ea86-4df3-b01d-5a96171e2cad_g5,33.85
8158f96c-ea86-4df3-b01d-5a96171e2cad_g6,25.83
8158f96c-ea86-4df3-b01d-5a96171e2cad_g8,21.95
82d61ecb-e4a2-40e6-a409-95cfa4ad796a_g13,19.1
82d61ecb-e4a2-40e6-a409-95cfa4ad796a_g14,18.67
82d61ecb-e4a2-40e6-a409-95cfa4ad796a_g6,26.24
85cf42da-2bbc-4af1-8f14-a230d359a7e1_g16,0.0
87bc5634-c544-4f98-9659-8d296ba680d7_g14,26.34
87bc5634-c544-4f98-9659-8d296ba680d7_g15,32.98
87bc5634-c544-4f98-9659-8d296ba680d7_g19,21.83
87bc5634-c544-4f98-9659-8d296ba680d7_g4,35.33
87bc5634-c544-4f98-9659-8d296ba680d7_g9,31.72
89d0816f-d39d-4cbb-be37-422c1a991627_g2,26.58
89d0816f-d39d-4cbb-be37-422c1a991627_g5,21.05
89d0816f-d39d-4cbb-be37-422c1a991627_g7,30.08
89d6a3f6-8361-44d7-87f9-d1414ec57ca3_g10,24.78
89d6a3f6-8361-44d7-87f9-d1414ec57ca3_g12,17.7
89d6a3f6-8361-44d7-87f9-d1414ec57ca3_g2,20.79
89d6a3f6-8361-44d7-87f9-d1414ec57ca3_g9,32.7
8b46c1f4-63ed-4cc3-baca-2e58fcfa51a7_g0,26.78
8b46c1f4-63ed-4cc3-baca-2e58fcfa51a7_g16,41.35
8b46c1f4-63ed-4cc3-baca-2e58fcfa51a7_g19,39.04
8b46c1f4-63ed-4cc3-baca-2e58fcfa51a7_g1,1.88
8b46c1f4-63ed-4cc3-baca-2e58fcfa51a7_g2,0.0
8b46c1f4-63ed-4cc3-baca-2e58fcfa51a7_g8,47.73
8b81b0f0-7f74-40b9-8502-da18d4dacf2b_g2,0.0
8b81b0f0-7f74-40b9-8502-da18d4dacf2b_g4,0.0
8d54ce7b-a747-4169-a84f-64c26e97024a_g16,0.0
8d54ce7b-a747-4169-a84f-64c26e97024a_g17,12.55
8d54ce7b-a747-4169-a84f-64c26e97024a_g7,4.1
8d70aa9e-db96-40a2-99fd-830cffc1c1ca_g16,37.22
8d70aa9e-db96-40a2-99fd-830cffc1c1ca_g18,42.06
8d70aa9e-db96-40a2-99fd-830cffc1c1ca_g3,42.26
8d70aa9e-db96-40a2-99fd-830cffc1c1ca_g8,42.12
8f2d4552-7f91-445c-a9b5-e76bfbbe658e_g10,0.0
8f2d4552-7f91-445c-a9b5-e76bfbbe658e_g11,11.84
8f2d4552-7f91-445c-a9b5-e76bfbbe658e_g14,0.0
8f2d4552-7f91-445c-a9b5-e76bfbbe658e_g17,0.0
90d358e0-cf3d-44be-96a0-ecbe604d47f5_g10,25.58
90d358e0-cf3d-44be-96a0-ecbe604d47f5_g11,24.83
90d358e0-cf3d-44be-96a0-ecbe604d47f5_g13,22.34
90d358e0-cf3d-44be-96a0-ecbe604d47f5_g16,26.5
90d358e0-cf3d-44be-96a0-ecbe604d47f5_g17,20.64
90d358e0-cf3d-44be-96a0-ecbe604d47f5_g2,33.39
90d358e0-cf3d-44be-96a0-ecbe604d47f5_g5,22.06
90d358e0-cf3d-44be-96a0-ecbe604d47f5_g8,22.23
90d358e0-cf3d-44be-96a0-ecbe604d47f5_g9,0.0
91446055-9d7f-4653-a5ab-bb9a50d8e480_g0,0.0
91446055-9d7f-4653-a5ab-bb9a50d8e480_g10,3.4
91446055-9d7f-4653-a5ab-bb9a50d8e480_g1,0.0
91446055-9d7f-4653-a5ab-bb9a50d8e480_g3,8.82
919f2299-8868-4038-ab74-3c229f7e8bc6_g0,0.0
919f2299-8868-4038-ab74-3c229f7e8bc6_g10,30.02
919f2299-8868-4038-ab74-3c229f7e8bc6_g12,31.82
919f2299-8868-4038-ab74-3c229f7e8bc6_g14,13.8
919f2299-8868-4038-ab74-3c229f7e8bc6_g17,34.8
919f2299-8868-4038-ab74-3c229f7e8bc6_g19,26.53
919f2299-8868-4038-ab74-3c229f7e8bc6_g3,43.12
919f2299-8868-4038-ab74-3c229f7e8bc6_g4,22.06
919f2299-8868-4038-ab74-3c229f7e8bc6_g5,43.39
919f2299-8868-4038-ab74-3c229f7e8bc6_g9,32.73
9209e61a-0c4f-4430-98ab-2b4b18ff3257_g0,23.78
9209e61a-0c4f-4430-98ab-2b4b18ff3257_g1,42.5
9209e61a-0c4f-4430-98ab-2b4b18ff3257_g3,53.48
93cf5377-4d06-4817-b292-c2c847ca0194_g10,46.59
93cf5377-4d06-4817-b292-c2c847ca0194_g11,42.16
93cf5377-4d06-4817-b292-c2c847ca0194_g12,48.08
93cf5377-4d06-4817-b292-c2c847ca0194_g17,34.67
93cf5377-4d06-4817-b292-c2c847ca0194_g3,36.9
93cf5377-4d06-4817-b292-c2c847ca0194_g4,48.81
93cf5377-4d06-4817-b292-c2c847ca0194_g7,42.71
97fe81ac-1d54-482b-afe6-025bf6eb58e8_g0,0.0
985392e0-72d9-43b2-b547-f78f4bbaed37_g11,53.44
985392e0-72d9-43b2-b547-f78f4bbaed37_g1,39.38
985392e0-72d9-43b2-b547-f78f4bbaed37_g2,19.1
985392e0-72d9-43b2-b547-f78f4bbaed37_g4,42.56
985392e0-72d9-43b2-b547-f78f4bbaed37_g7,34.88
985392e0-72d9-43b2-b547-f78f4bbaed37_g9,27.07
9986bd4d-43a4-447e-8077-5c6f73ceb3fa_g10,38.24
9986bd4d-43a4-447e-8077-5c6f73ceb3fa_g11,41.28
9986bd4d-43a4-447e-8077-5c6f73ceb3fa_g1,42.92
9986bd4d-43a4-447e-8077-5c6f73ceb3fa_g5,53.79
9c850aca-ad32-41be-bc69-85ca984b6daf_g11,7.85
9c850aca-ad32-41be-bc69-85ca984b6daf_g19,18.99
9c850aca-ad32-41be-bc69-85ca984b6daf_g2,11.42
9c850aca-ad32-41be-bc69-85ca984b6daf_g4,0.45
9c850aca-ad32-41be-bc69-85ca984b6daf_g6,10.92
9cb47ca4-5779-4c7c-8f67-7d4f691a2f6a_g0,29.53
9cb47ca4-5779-4c7c-8f67-7d4f691a2f6a_g10,31.86
9cb47ca4-5779-4c7c-8f67-7d4f691a2f6a_g11,29.72
9cb47ca4-5779-4c7c-8f67-7d4f691a2f6a_g12,21.31
9cb47ca4-5779-4c7c-8f67-7d4f691a2f6a_g14,17.71
9cb47ca4-5779-4c7c-8f67-7d4f691a2f6a_g16,22.97
9cb47ca4-5779-4c7c-8f67-7d4f691a2f6a_g19,27.98
9cb47ca4-5779-4c7c-8f67-7d4f691a2f6a_g1,28.07
9e3fdc2e-0f95-44b9-949c-9e9724be29fa_g2,0.0
a15c254f-0c27-4f8e-841c-7f64c6b35a84_g0,0.0
a2460589-c9fe-4e34-a026-68258a7fdbb7_g0,56.05
a2460589-c9fe-4e34-a026-68258a7fdbb7_g11,66.28
a2460589-c9fe-4e34-a026-68258a7fdbb7_g12,57.13
a2460589-c9fe-4e34-a026-68258a7fdbb7_g4,52.57
a2460589-c9fe-4e34-a026-68258a7fdbb7_g6,52.57
a2460589-c9fe-4e34-a026-68258a7fdbb7_g7,28.76
a31332e7-9733-4bf1-9fa9-75668909e947_g12,0.0
a3719dda-abf1-4a48-83eb-11413b499925_g0,43.49
a3719dda-abf1-4a48-83eb-11413b499925_g11,35.99
a3719dda-abf1-4a48-83eb-11413b499925_g14,43.33
a3719dda-abf1-4a48-83eb-11413b499925_g15,37.96
a3719dda-abf1-4a48-83eb-11413b499925_g1,53.03
a3719dda-abf1-4a48-83eb-11413b499925_g2,40.63
a3719dda-abf1-4a48-83eb-11413b499925_g3,49.54
a3719dda-abf1-4a48-83eb-11413b499925_g8,31.38
a46895a4-5255-4c07-a30e-16269d9b6200_g11,0.0
a46d669c-9830-456f-b244-0e05c25c1222_g12,40.5
a46d669c-9830-456f-b244-0e05c25c1222_g16,42.37
a46d669c-9830-456f-b244-0e05c25c1222_g19,41.46
a46d669c-9830-456f-b244-0e05c25c1222_g4,60.78
a46d669c-9830-456f-b244-0e05c25c1222_g7,36.83
a9e41d27-a60d-4a95-8164-d8fe109dcf07_g11,0.0
a9e41d27-a60d-4a95-8164-d8fe109dcf07_g18,0.0
aa167958-5a32-4ac8-bcc5-06818e2d4242_g11,10.21
aa167958-5a32-4ac8-bcc5-06818e2d4242_g16,0.0
aa167958-5a32-4ac8-bcc5-06818e2d4242_g5,0.0
aab5570f-4294-4dc3-8541-205834ff5c2d_g10,16.54
aab5570f-4294-4dc3-8541-205834ff5c2d_g13,7.17
aab5570f-4294-4dc3-8541-205834ff5c2d_g17,23.37
aab5570f-4294-4dc3-8541-205834ff5c2d_g18,24.63
aab5570f-4294-4dc3-8541-205834ff5c2d_g2,17.33
aab5570f-4294-4dc3-8541-205834ff5c2d_g5,14.32
aab5570f-4294-4dc3-8541-205834ff5c2d_g9,12.66
ab494fb6-e203-4055-9287-6750ce8fc577_g0,92.05
ac06c510-2da0-4c65-b680-fdd4921e80ae_g11,11.67
ac06c510-2da0-4c65-b680-fdd4921e80ae_g13,14.27
ac06c510-2da0-4c65-b680-fdd4921e80ae_g1,20.17
ac06c510-2da0-4c65-b680-fdd4921e80ae_g2,20.45
ac06c510-2da0-4c65-b680-fdd4921e80ae_g3,20.6
ac06c510-2da0-4c65-b680-fdd4921e80ae_g8,18.66
ad6e04fc-a2f3-4bfd-a97a-bc4eb44ac1a5_g11,50.05
ad6e04fc-a2f3-4bfd-a97a-bc4eb44ac1a5_g5,37.47
adce8457-6b2b-48be-8bf7-068662d5f5d3_g10,46.83
adce8457-6b2b-48be-8bf7-068662d5f5d3_g11,34.79
adce8457-6b2b-48be-8bf7-068662d5f5d3_g12,0.0
adce8457-6b2b-48be-8bf7-068662d5f5d3_g15,44.54
adce8457-6b2b-48be-8bf7-068662d5f5d3_g19,55.0
adce8457-6b2b-48be-8bf7-068662d5f5d3_g2,27.1
admin-pr-1580-crescent-dr-s--park-c-3e64f88fa6ff2b04_g0,0.0
admin-pr-1580-crescent-dr-s--park-c-3e64f88fa6ff2b04_g13,0.0
admin-pr-1580-crescent-dr-s--park-c-3e64f88fa6ff2b04_g2,0.0
admin-pr-1580-crescent-dr-s--park-c-3e64f88fa6ff2b04_g4,0.0
admin-pr-1580-crescent-dr-s--park-c-3e64f88fa6ff2b04_g9,0.0
ae3d537e-8601-4792-8cdd-640dffe1d563_g0,47.31
ae3d537e-8601-4792-8cdd-640dffe1d563_g13,46.52
ae3d537e-8601-4792-8cdd-640dffe1d563_g2,40.98
b03ab6b4-b592-404d-8803-4b9f4afd24ef_g1,53.03
b0ba799e-040b-41e9-ad5f-03a28a234201_g0,52.12
b0ba799e-040b-41e9-ad5f-03a28a234201_g10,51.64
b0ba799e-040b-41e9-ad5f-03a28a234201_g16,48.57
b0ba799e-040b-41e9-ad5f-03a28a234201_g19,48.79
b0ba799e-040b-41e9-ad5f-03a28a234201_g3,48.2
b0ba799e-040b-41e9-ad5f-03a28a234201_g4,36.86
b21739da-c745-4008-9526-87d8ec84c183_g16,0.0
b523b559-0762-4821-b6c8-d8bd9bea6dcb_g16,0.0
b523b559-0762-4821-b6c8-d8bd9bea6dcb_g2,0.0
b523b559-0762-4821-b6c8-d8bd9bea6dcb_g9,0.0
b54374b7-cf26-49e6-bfe0-9f55d23e007c_g6,0.0
b62984b6-12e9-4d83-9129-6f6a971fb227_g18,54.56
b62984b6-12e9-4d83-9129-6f6a971fb227_g1,37.25
b62984b6-12e9-4d83-9129-6f6a971fb227_g8,43.27
b81d1ac8-3311-42f8-a1de-284f30bad198_g0,9.88
ba02d96e-87a1-443f-b9e3-2cbed6d54e77_g11,9.25
ba02d96e-87a1-443f-b9e3-2cbed6d54e77_g16,23.98
ba02d96e-87a1-443f-b9e3-2cbed6d54e77_g19,25.77
ba02d96e-87a1-443f-b9e3-2cbed6d54e77_g1,33.88
ba02d96e-87a1-443f-b9e3-2cbed6d54e77_g5,42.71
ba02d96e-87a1-443f-b9e3-2cbed6d54e77_g6,39.32
bcccdb14-647c-43e7-9812-dc6423d87d84_g0,61.78
bcccdb14-647c-43e7-9812-dc6423d87d84_g14,53.69
bcccdb14-647c-43e7-9812-dc6423d87d84_g16,46.49
bcccdb14-647c-43e7-9812-dc6423d87d84_g4,48.27
bcccdb14-647c-43e7-9812-dc6423d87d84_g5,49.32
bcccdb14-647c-43e7-9812-dc6423d87d84_g6,35.16
bcccdb14-647c-43e7-9812-dc6423d87d84_g8,36.54
bcccdb14-647c-43e7-9812-dc6423d87d84_g9,44.93
bd11cebb-8bf6-4096-a022-b0d5c9774b8e_g11,27.31
bd11cebb-8bf6-4096-a022-b0d5c9774b8e_g2,27.45
bd11cebb-8bf6-4096-a022-b0d5c9774b8e_g9,30.36
bf11e112-5ebf-4c54-bc44-6f662e98ee19_g14,0.0
bf11e112-5ebf-4c54-bc44-6f662e98ee19_g3,0.0
bf11e112-5ebf-4c54-bc44-6f662e98ee19_g4,0.0
bryan-kc-21213-w-113th-pl-a1cf656579d2b938_g17,52.72
c1eb408a-2aac-4935-a7a4-784b6ba495d4_g11,9.47
c1eb408a-2aac-4935-a7a4-784b6ba495d4_g12,43.83
c1eb408a-2aac-4935-a7a4-784b6ba495d4_g17,51.66
c1eb408a-2aac-4935-a7a4-784b6ba495d4_g4,56.74
c1eb408a-2aac-4935-a7a4-784b6ba495d4_g9,56.5
c2bf7186-451c-46fa-8544-860fcebf1ae5_g10,30.01
c2bf7186-451c-46fa-8544-860fcebf1ae5_g13,57.53
c2bf7186-451c-46fa-8544-860fcebf1ae5_g15,45.1
c2bf7186-451c-46fa-8544-860fcebf1ae5_g17,45.39
c2bf7186-451c-46fa-8544-860fcebf1ae5_g5,46.69
c2bf7186-451c-46fa-8544-860fcebf1ae5_g7,46.5
c2bf7186-451c-46fa-8544-860fcebf1ae5_g8,38.36
c4cd28cc-3a8d-4e86-a5c6-bd50d7591e67_g10,6.48
c4cd28cc-3a8d-4e86-a5c6-bd50d7591e67_g14,55.21
c4cd28cc-3a8d-4e86-a5c6-bd50d7591e67_g15,0.0
c4cd28cc-3a8d-4e86-a5c6-bd50d7591e67_g17,0.0
c4cd28cc-3a8d-4e86-a5c6-bd50d7591e67_g18,0.0
c4cd28cc-3a8d-4e86-a5c6-bd50d7591e67_g5,29.01
c4cd28cc-3a8d-4e86-a5c6-bd50d7591e67_g7,0.0
c5a1500c-10ea-4a09-ab72-498473125054_g1,23.5
c5a1500c-10ea-4a09-ab72-498473125054_g7,31.29
c96e3ee3-f2bd-4a9a-ae18-27ce8c71abf7_g12,0.0
c96e3ee3-f2bd-4a9a-ae18-27ce8c71abf7_g5,19.54
c96e3ee3-f2bd-4a9a-ae18-27ce8c71abf7_g9,19.39
ca469775-e9be-4c8b-aacf-3f18dd3fcbcc_g0,10.28
ca469775-e9be-4c8b-aacf-3f18dd3fcbcc_g1,5.53
cb11f00c-0fe3-46a6-854d-16807a66bcd4_g0,22.3
cb11f00c-0fe3-46a6-854d-16807a66bcd4_g2,34.23
cc8a52f8-3b7a-4d0a-bdb9-72245a426d09_g12,40.36
cc8a52f8-3b7a-4d0a-bdb9-72245a426d09_g13,24.34
cc8a52f8-3b7a-4d0a-bdb9-72245a426d09_g18,22.73
cc8a52f8-3b7a-4d0a-bdb9-72245a426d09_g3,34.24
cc8a52f8-3b7a-4d0a-bdb9-72245a426d09_g5,6.83
cc8a52f8-3b7a-4d0a-bdb9-72245a426d09_g6,40.71
cc8a52f8-3b7a-4d0a-bdb9-72245a426d09_g9,44.44
cdc09dcc-284f-4d4b-bcb9-0988c640206a_g12,42.02
cdc09dcc-284f-4d4b-bcb9-0988c640206a_g14,1.09
cdc09dcc-284f-4d4b-bcb9-0988c640206a_g17,58.72
cdc09dcc-284f-4d4b-bcb9-0988c640206a_g2,25.66
ceb68b14-eec4-4772-be5e-bb70815193ae_g10,0.0
chris-sn-605-grand-harvest-ave-6d7d99a33da8a504_g0,0.0
chris-sn-605-grand-harvest-ave-6d7d99a33da8a504_g15,54.29
chris-sn-605-grand-harvest-ave-6d7d99a33da8a504_g17,35.69
chris-sn-605-grand-harvest-ave-6d7d99a33da8a504_g2,44.86
chris-sn-605-grand-harvest-ave-6d7d99a33da8a504_g4,57.66
chris-sn-605-grand-harvest-ave-6d7d99a33da8a504_g7,0.0
chris-sn-605-grand-harvest-ave-6d7d99a33da8a504_g9,50.52
crystal-3195-blake-st-104---nate-f-b04f5c8e000ceb5d_g18,0.0
d03540d7-0bf9-4bcd-9d13-dd61c9b34017_g0,11.32
d03540d7-0bf9-4bcd-9d13-dd61c9b34017_g10,12.07
d03540d7-0bf9-4bcd-9d13-dd61c9b34017_g2,9.36
d03540d7-0bf9-4bcd-9d13-dd61c9b34017_g3,19.71
d03540d7-0bf9-4bcd-9d13-dd61c9b34017_g5,14.83
d03540d7-0bf9-4bcd-9d13-dd61c9b34017_g7,11.63
d0d01304-b85c-4f0b-98a9-4d5719fbaeaf_g12,9.16
d0d01304-b85c-4f0b-98a9-4d5719fbaeaf_g1,2.08
d0d01304-b85c-4f0b-98a9-4d5719fbaeaf_g2,22.83
d0d01304-b85c-4f0b-98a9-4d5719fbaeaf_g4,28.28
d0d01304-b85c-4f0b-98a9-4d5719fbaeaf_g6,5.94
d0d01304-b85c-4f0b-98a9-4d5719fbaeaf_g7,5.08
d22cc7e5-8716-4c66-9030-f787771e8722_g11,26.45
d22cc7e5-8716-4c66-9030-f787771e8722_g13,48.71
d22cc7e5-8716-4c66-9030-f787771e8722_g15,42.54
d22cc7e5-8716-4c66-9030-f787771e8722_g16,32.75
d22cc7e5-8716-4c66-9030-f787771e8722_g1,42.28
d22cc7e5-8716-4c66-9030-f787771e8722_g9,55.08
d23259f6-dd5f-45e8-a93d-0332a4e735cf_g11,38.98
d23259f6-dd5f-45e8-a93d-0332a4e735cf_g12,46.74
d23259f6-dd5f-45e8-a93d-0332a4e735cf_g2,38.91
d372704e-c9fd-4558-bf46-b08bcec59dfe_g0,13.68
d372704e-c9fd-4558-bf46-b08bcec59dfe_g17,19.65
d3af19c4-48e7-448e-825b-c0c8d084b9cd_g12,46.94
d3af19c4-48e7-448e-825b-c0c8d084b9cd_g19,20.04
d4ca16d8-1047-4048-ade5-fa4341915d5a_g0,40.63
d4ca16d8-1047-4048-ade5-fa4341915d5a_g10,35.34
d4ca16d8-1047-4048-ade5-fa4341915d5a_g11,45.9
d4ca16d8-1047-4048-ade5-fa4341915d5a_g18,55.15
d4ca16d8-1047-4048-ade5-fa4341915d5a_g1,43.43
d4ca16d8-1047-4048-ade5-fa4341915d5a_g3,47.65
d4ca16d8-1047-4048-ade5-fa4341915d5a_g5,46.5
d4ed2930-aada-4777-ba4e-5350dbcca4e2_g5,1.3
d4ed2930-aada-4777-ba4e-5350dbcca4e2_g7,0.0
d51152c8-0982-4a0b-bf3f-1d8982455810_g15,6.06
d51152c8-0982-4a0b-bf3f-1d8982455810_g3,2.5
d6f8c5c2-ffe0-4181-825b-59c1cd93ecb2_g10,37.2
d86126ca-bc93-4474-b302-32ebc1b43fcd_g5,2.14
d9967953-8d88-4e9e-acf0-4b2998f75582_g10,5.58
d9967953-8d88-4e9e-acf0-4b2998f75582_g12,3.51
d9967953-8d88-4e9e-acf0-4b2998f75582_g13,1.59
d9967953-8d88-4e9e-acf0-4b2998f75582_g2,0.0
d9967953-8d88-4e9e-acf0-4b2998f75582_g3,7.09
d9967953-8d88-4e9e-acf0-4b2998f75582_g5,2.71
d9967953-8d88-4e9e-acf0-4b2998f75582_g6,2.9
dabfa982-619e-4812-9ef2-1821f21dc351_g3,5.71
dabfa982-619e-4812-9ef2-1821f21dc351_g5,1.39
dabfa982-619e-4812-9ef2-1821f21dc351_g7,2.18
dabfa982-619e-4812-9ef2-1821f21dc351_g8,0.0
dbx23059-29f3-402d-8d4f-b0a4f2967f2f_g0,37.33
dbx23059-29f3-402d-8d4f-b0a4f2967f2f_g14,45.23
dbx23059-29f3-402d-8d4f-b0a4f2967f2f_g17,50.19
dbx23059-29f3-402d-8d4f-b0a4f2967f2f_g5,48.36
dbx23059-29f3-402d-8d4f-b0a4f2967f2f_g9,69.57
dbx2afc7-d292-4697-b0b9-2dcf4bf29556_g10,20.68
dbx2afc7-d292-4697-b0b9-2dcf4bf29556_g14,21.18
dbx2afc7-d292-4697-b0b9-2dcf4bf29556_g16,6.87
dbx2afc7-d292-4697-b0b9-2dcf4bf29556_g18,0.0
dbx2afc7-d292-4697-b0b9-2dcf4bf29556_g3,23.39
dbx2afc7-d292-4697-b0b9-2dcf4bf29556_g4,0.0
dbx2afc7-d292-4697-b0b9-2dcf4bf29556_g8,7.36
dbx2c40e-b2a1-4772-b255-1472131c2e7d_g0,21.24
dbx2c40e-b2a1-4772-b255-1472131c2e7d_g10,43.46
dbx2c40e-b2a1-4772-b255-1472131c2e7d_g14,39.15
dbx2c40e-b2a1-4772-b255-1472131c2e7d_g19,54.0
dbx2c40e-b2a1-4772-b255-1472131c2e7d_g2,0.0
dbx2c40e-b2a1-4772-b255-1472131c2e7d_g4,43.77
dbx2c40e-b2a1-4772-b255-1472131c2e7d_g8,46.13
dbx2c40e-b2a1-4772-b255-1472131c2e7d_g9,42.56
dbx334a4-58f8-4e9f-a19f-15511c2f5f9c_g11,21.31
dbx334a4-58f8-4e9f-a19f-15511c2f5f9c_g13,20.91
dbx334a4-58f8-4e9f-a19f-15511c2f5f9c_g17,13.01
dbx334a4-58f8-4e9f-a19f-15511c2f5f9c_g2,24.91
dbx334a4-58f8-4e9f-a19f-15511c2f5f9c_g3,3.89
dbx334a4-58f8-4e9f-a19f-15511c2f5f9c_g5,13.48
dbx334a4-58f8-4e9f-a19f-15511c2f5f9c_g7,4.04
dbx334a4-58f8-4e9f-a19f-15511c2f5f9c_g8,18.39
dbx5a612-bf92-4ffa-9bf2-1f392958f496_g11,32.76
dbx5a612-bf92-4ffa-9bf2-1f392958f496_g12,61.06
dbx5a612-bf92-4ffa-9bf2-1f392958f496_g16,65.18
dbx5a612-bf92-4ffa-9bf2-1f392958f496_g17,42.44
dbx5a612-bf92-4ffa-9bf2-1f392958f496_g18,18.5
dbx5a612-bf92-4ffa-9bf2-1f392958f496_g5,45.69
dbx5a612-bf92-4ffa-9bf2-1f392958f496_g6,48.82
dbx5a612-bf92-4ffa-9bf2-1f392958f496_g7,59.96
dbx6a7ff-7d48-481f-b123-721b24d69d32_g11,58.86
dbx6a7ff-7d48-481f-b123-721b24d69d32_g13,43.91
dbx6a7ff-7d48-481f-b123-721b24d69d32_g18,70.76
dbx6a7ff-7d48-481f-b123-721b24d69d32_g2,24.62
dbx6a7ff-7d48-481f-b123-721b24d69d32_g3,41.28
dbx6a7ff-7d48-481f-b123-721b24d69d32_g7,51.38
dbx6e133-7966-44cc-9a8b-28bd336e420b_g10,56.0
dbx6e133-7966-44cc-9a8b-28bd336e420b_g11,58.29
dbx6e133-7966-44cc-9a8b-28bd336e420b_g1,51.23
dbx6e133-7966-44cc-9a8b-28bd336e420b_g6,49.26
dbx72347-eaee-4121-a082-f3707c5184fb_g0,20.84
dbx72347-eaee-4121-a082-f3707c5184fb_g12,13.93
dbx72347-eaee-4121-a082-f3707c5184fb_g13,3.07
dbx72347-eaee-4121-a082-f3707c5184fb_g14,0.0
dbx7b399-1e78-4003-8293-466420efe31c_g13,0.0
dbx7b399-1e78-4003-8293-466420efe31c_g17,0.0
dbx7b399-1e78-4003-8293-466420efe31c_g3,2.74
dbx7b399-1e78-4003-8293-466420efe31c_g4,20.34
dbx7c894-f028-49b1-a2c2-1d4ab39d72c9_g16,48.36
dbx7c894-f028-49b1-a2c2-1d4ab39d72c9_g18,58.6
dbx7c894-f028-49b1-a2c2-1d4ab39d72c9_g5,50.98
dbx7c894-f028-49b1-a2c2-1d4ab39d72c9_g6,54.7
dbxa8d4b-6716-45cd-a430-4a0be14e65f8_g1,37.27
dbxa8d4b-6716-45cd-a430-4a0be14e65f8_g7,39.89
dbxb177c-2896-44fa-8f0d-92391b4bd558_g0,28.03
dbxb177c-2896-44fa-8f0d-92391b4bd558_g10,27.84
dbxb177c-2896-44fa-8f0d-92391b4bd558_g14,16.38
dbxb177c-2896-44fa-8f0d-92391b4bd558_g15,9.32
dbxb177c-2896-44fa-8f0d-92391b4bd558_g8,32.57
dbxb177c-2896-44fa-8f0d-92391b4bd558_g9,20.55
dbxb1fff-79df-4267-a17c-aea86ae52042_g10,36.76
dbxb1fff-79df-4267-a17c-aea86ae52042_g13,49.2
dbxb1fff-79df-4267-a17c-aea86ae52042_g15,38.9
dbxb1fff-79df-4267-a17c-aea86ae52042_g1,46.26
dbxb1fff-79df-4267-a17c-aea86ae52042_g5,53.17
dbxb3100-ca65-44ff-a2f9-7d457e2f9c50_g10,26.03
dbxb3100-ca65-44ff-a2f9-7d457e2f9c50_g14,25.39
dbxb3100-ca65-44ff-a2f9-7d457e2f9c50_g5,27.12
dbxba75a-ed1c-4397-b728-42bab9f04005_g15,38.11
dbxba75a-ed1c-4397-b728-42bab9f04005_g2,40.13
dbxba75a-ed1c-4397-b728-42bab9f04005_g5,42.62
dbxba75a-ed1c-4397-b728-42bab9f04005_g8,37.92
dbxd09c5-de10-44bb-8213-37948bfb89f2_g10,0.0
dbxd5eac-34b1-4ca6-9acc-4c3ba799c049_g8,38.68
dbxd6b36-12eb-4f5f-ac96-a7665fbaccea_g3,0.0
dbxddb3d-2bbb-4ccc-ae96-6b0da06c55af_g9,82.94
dbxe9c0e-c1b7-48ce-8170-d2eddb53cf25_g0,5.13
dbxe9c0e-c1b7-48ce-8170-d2eddb53cf25_g10,10.58
dbxe9c0e-c1b7-48ce-8170-d2eddb53cf25_g14,18.96
dbxe9c0e-c1b7-48ce-8170-d2eddb53cf25_g15,9.35
dbxe9c0e-c1b7-48ce-8170-d2eddb53cf25_g5,5.96
dbxfb02d-78a0-46e0-82fe-8d60a0471a54_g0,0.0
dc01864b436f0f4f269c738a1068637a83c174a51c_g12,8.61
dc01864b436f0f4f269c738a1068637a83c174a51c_g16,45.05
dc01864b436f0f4f269c738a1068637a83c174a51c_g1,57.44
dc287018-9187-4ccc-b749-6edf9b943b1e_g10,9.48
dc287018-9187-4ccc-b749-6edf9b943b1e_g5,34.21
dca9b09c-10c0-4e2c-9bcb-4ed261da5c00_g12,28.4
e494d50f-61eb-4842-96d5-e6da62329c2a_g13,43.76
e494d50f-61eb-4842-96d5-e6da62329c2a_g3,48.42
e494d50f-61eb-4842-96d5-e6da62329c2a_g8,57.24
e57a3c0a-2235-486d-ae03-7d51c596922d_g0,0.0
e5aa59c2-7da5-452b-a75b-648134c5b25a_g10,37.99
e5aa59c2-7da5-452b-a75b-648134c5b25a_g11,43.64
e5aa59c2-7da5-452b-a75b-648134c5b25a_g15,23.95
e5aa59c2-7da5-452b-a75b-648134c5b25a_g16,34.57
e5aa59c2-7da5-452b-a75b-648134c5b25a_g1,57.42
e5aa59c2-7da5-452b-a75b-648134c5b25a_g6,20.3
e6fd087b-e3a4-41f8-b1dd-4ee132881c37_g13,8.92
e6fd087b-e3a4-41f8-b1dd-4ee132881c37_g9,19.22
e81cb187-c347-4e46-af7b-017e4edc8e4d_g0,0.0
e98d08ca-b416-46e9-9b2a-ea8bab50ae0c_g12,29.04
e98d08ca-b416-46e9-9b2a-ea8bab50ae0c_g17,53.48
e98d08ca-b416-46e9-9b2a-ea8bab50ae0c_g7,40.22
e9ad78f4-cd7b-435e-b7a6-cf54a30047e5_g19,34.81
ebf2d5f5-0d80-49f4-9cc1-b514f1faf074_g0,49.23
ec66a8aa-c135-4717-a323-07d6e87e4603_g0,0.41
ed3d634f-6e7c-4c15-9866-d62a82a57729_g13,0.0
ed3d634f-6e7c-4c15-9866-d62a82a57729_g8,0.0
eeaa230b-3b19-4dc9-8101-8ad42c5afd6a_g11,22.46
eeaa230b-3b19-4dc9-8101-8ad42c5afd6a_g12,16.0
eeaa230b-3b19-4dc9-8101-8ad42c5afd6a_g1,37.76
eeaa230b-3b19-4dc9-8101-8ad42c5afd6a_g6,22.42
eec4baec-527d-4dfd-a1cc-26673080c4a8_g13,33.16
eec4baec-527d-4dfd-a1cc-26673080c4a8_g18,23.25
ef4f20db-4dc6-4c66-a080-9098acac538f_g4,14.19
ethan-za-40-winona-st-e--saint-paul-d4ed1784795ef81b_g0,0.0
ethan-za-40-winona-st-e--saint-paul-d4ed1784795ef81b_g11,74.19
f0e5d76d-d7ae-489a-84ad-fcfcad5eb7be_g19,0.19
f0e5d76d-d7ae-489a-84ad-fcfcad5eb7be_g3,31.87
f0e5d76d-d7ae-489a-84ad-fcfcad5eb7be_g8,0.0
f19a23ae-fb8c-4386-80c0-cf8f2d87cb8d_g12,31.95
f19a23ae-fb8c-4386-80c0-cf8f2d87cb8d_g16,40.19
f19a23ae-fb8c-4386-80c0-cf8f2d87cb8d_g17,51.95
f19a23ae-fb8c-4386-80c0-cf8f2d87cb8d_g1,0.0
f19a23ae-fb8c-4386-80c0-cf8f2d87cb8d_g2,39.31
f19a23ae-fb8c-4386-80c0-cf8f2d87cb8d_g6,37.55
f1a6d0ab-051b-4ef3-87e6-e4262ae55f09_g16,56.71
f1a6d0ab-051b-4ef3-87e6-e4262ae55f09_g1,24.1
f3ed4f16-2f1d-4da6-bad3-9d50c56a6b1c_g19,0.87
f3ed4f16-2f1d-4da6-bad3-9d50c56a6b1c_g4,25.53
f44458cb-0f54-4932-818b-2cb70feaa0d2_g10,14.57
f44458cb-0f54-4932-818b-2cb70feaa0d2_g5,27.97
f44458cb-0f54-4932-818b-2cb70feaa0d2_g6,5.31
f449c25d-f73c-4404-9161-f08dbe0559f4_g0,34.44
f449c25d-f73c-4404-9161-f08dbe0559f4_g10,57.37
f449c25d-f73c-4404-9161-f08dbe0559f4_g5,47.58
f449c25d-f73c-4404-9161-f08dbe0559f4_g9,36.2
f4d55cd096f7fc072b069113930c78f9f0428709a9_g10,0.0
f4d55cd096f7fc072b069113930c78f9f0428709a9_g5,0.0
f880eadd-82cc-426b-9500-6de95339cd87_g14,16.71
f880eadd-82cc-426b-9500-6de95339cd87_g4,0.0
fca642d9-c9cf-4735-8eb3-90b051bb88f3_g10,44.75
fe6a7f74-e126-4bb6-ae94-76e2c3792c6c_g13,23.68
fe6a7f74-e126-4bb6-ae94-76e2c3792c6c_g18,19.98
fe6a7f74-e126-4bb6-ae94-76e2c3792c6c_g19,20.17
fe6a7f74-e126-4bb6-ae94-76e2c3792c6c_g3,21.52
fe6a7f74-e126-4bb6-ae94-76e2c3792c6c_g4,32.57
fe6a7f74-e126-4bb6-ae94-76e2c3792c6c_g9,15.74
hello-vi-2902---melanie-munoz---29-74f53a1b0b6d6c83_g19,10.71
info-cut-2973-goos-adee529d2b0237e7_g18,35.3
info-cut-691-s-post-oak-51f7b9bb6e709f53_g7,35.65
info-par-135-rue-de-bouchette--cant-384772615be4af17_g18,44.99
info-par-135-rue-de-bouchette--cant-384772615be4af17_g3,62.55
info-par-165-rue-de-francfort--gati-4ad30b7ba4cf160d_g15,38.07
info-par-165-rue-de-francfort--gati-4ad30b7ba4cf160d_g16,48.89
info-par-165-rue-de-francfort--gati-4ad30b7ba4cf160d_g1,49.08
info-par-165-rue-de-francfort--gati-4ad30b7ba4cf160d_g6,50.99
info-par-19-rue-de-saint-vallier--g-030a2e9021279f62_g17,2.33
info-par-19-rue-de-saint-vallier--g-030a2e9021279f62_g3,3.4
info-par-19-rue-de-saint-vallier--g-030a2e9021279f62_g7,3.52
info-par-19-rue-de-saint-vallier--g-030a2e9021279f62_g8,0.0
info-par-194-rue-archambault--gatin-9ce3531b65f67f6f_g12,3.37
info-par-194-rue-archambault--gatin-9ce3531b65f67f6f_g13,2.79
info-par-194-rue-archambault--gatin-9ce3531b65f67f6f_g17,1.38
info-par-194-rue-archambault--gatin-9ce3531b65f67f6f_g2,2.69
info-par-194-rue-archambault--gatin-9ce3531b65f67f6f_g3,1.7
info-par-194-rue-archambault--gatin-9ce3531b65f67f6f_g7,8.82
info-par-194-rue-archambault--gatin-9ce3531b65f67f6f_g8,3.06
info-par-27-chem--de-la-fresque--le-30daf6c6fa562065_g4,57.81
info-par-27-chem--de-la-fresque--le-30daf6c6fa562065_g5,60.04
office-a-2115-crums-ln-f4dd5e73cd819fb5_g12,2.22
propcent-32-sarikei-avenue-chch-57c6e6ec133c5de5_g2,39.81
propcent-32-sarikei-avenue-chch-57c6e6ec133c5de5_g7,37.9
spiro-3cde0ec0-96cd-48d7-170e-08de6897d3cf_g17,46.57
spiro-50129b90-78f4-489f-f874-08de64b90fb8_g11,10.89
spiro-67c80542-d899-4fe9-f876-08de64b90fb8_g8,0.0
spiro-67c80542-d899-4fe9-f876-08de64b90fb8_g9,0.0
spiro-779dc042-017d-4ce7-56d0-08de64b72b1c_g13,33.72
spiro-779dc042-017d-4ce7-56d0-08de64b72b1c_g18,9.4
spiro-779dc042-017d-4ce7-56d0-08de64b72b1c_g3,24.34
spiro-779dc042-017d-4ce7-56d0-08de64b72b1c_g7,22.68
spiro-aecdfdbb-7e25-4407-178c-08de6897d3cf_g4,11.47
spiro-c7bc93c5-bdd6-4bfc-19eb-08de68980cd7_g13,52.14
tanaatx-105-boulder-rdg-trl-b35a0fd3544eaca8_g18,36.01
tanaatx-105-boulder-rdg-trl-b35a0fd3544eaca8_g19,52.33
tanaatx-105-boulder-rdg-trl-b35a0fd3544eaca8_g4,41.44
tanaatx-105-boulder-rdg-trl-b35a0fd3544eaca8_g8,10.65
tmurphyp-13-caledonian-st-aberdare-a693395210d678b5_g2,49.86
tmurphyp-13-caledonian-st-aberdare-a693395210d678b5_g7,52.17
